<configuration xmlns="urn:hornetq"
         xmlns:xsi="http://www.w3.org/2001/XMLSchema-instance"
         xsi:schemaLocation="urn:hornetq /schema/hornetq-configuration.xsd">

  

   <connectors>
      <connector name="netty-connector">
         <factory-class>org.hornetq.core.remoting.impl.netty.NettyConnectorFactory</factory-class>
         <param key="port" value="5445"/>
      </connector>
   </connectors>      

   <!-- Acceptors -->
   <acceptors>
      <acceptor name="netty-acceptor">
         <factory-class>org.hornetq.core.remoting.impl.netty.NettyAcceptorFactory</factory-class>
         <param key="port" value="5445"/>
      </acceptor>
   </acceptors>

      <bridges>
      <bridge name="my-bridge">
          <queue-name>jms.queue.exampleQueue</queue-name>
          <forwarding-address>jms.queue.exampleQueue</forwarding-address>
          
          <reconnect-attempts>-1</reconnect-attempts>
         <discovery-group-ref discovery-group-name="dg-group1"/>
       </bridge>
   </bridges>

      <queues>
      <queue name="jms.queue.exampleQueue">
         <address>jms.queue.exampleQueue</address>
      </queue>
  </queues>

	<discovery-groups>
		<discovery-group name="dg-group1">
			<group-address>231.7.7.7</group-address>
			<group-port>9876</group-port>
			<refresh-timeout>60000</refresh-timeout>
		</discovery-group>
	</discovery-groups>


   <!-- Other config -->

   <security-settings>
      <!--security for example queue-->
      <security-setting match="jms.queue.exampleQueue">
         <permission type="createDurableQueue" roles="guest"/>
         <permission type="deleteDurableQueue" roles="guest"/>
         <permission type="createNonDurableQueue" roles="guest"/>
         <permission type="deleteNonDurableQueue" roles="guest"/>
         <permission type="consume" roles="guest"/>
         <permission type="send" roles="guest"/>
      </security-setting>
   </security-settings>

</configuration>
