<?xml version="1.0" encoding="UTF-8" standalone="yes"?>
<ns2:facturaProcesarRequest xmlns:ns2="urn:com.gizlocorp.gnvoice:gnvoice-sca:1.0">
    <agencia>71806</agencia>
    <codigoExterno>193772</codigoExterno>
    <correoElectronicoNotificacion>el-contribuyente@hotmail.com</correoElectronicoNotificacion>
    <factura>
        <infoTributaria>
            <tipoEmision>1</tipoEmision>
            <nombreComercial>SANASANA ALMENDROS</nombreComercial>
            <ruc>1791715772001</ruc>
            <codDoc>01</codDoc>
            <estab>552</estab>
            <ptoEmi>001</ptoEmi>
            <secuencial>192310</secuencial>
        </infoTributaria>
        <infoFactura>
            <fechaEmision>17/06/2019</fechaEmision>
            <dirEstablecimiento>VIA ATACAMES SN Y SECUNDARIA</dirEstablecimiento>
            <tipoIdentificacionComprador>05</tipoIdentificacionComprador>
            <razonSocialComprador>COBO CEDEO VIVIANA JACINTA</razonSocialComprador>
            <identificacionComprador>0802469502</identificacionComprador>
            <totalSinImpuestos>38.22</totalSinImpuestos>
            <totalDescuento>0</totalDescuento>
            <totalConImpuestos>
                <totalImpuesto>
                    <codigo>2</codigo>
                    <codigoPorcentaje>0</codigoPorcentaje>
                    <baseImponible>5.06</baseImponible>
                    <tarifa>0</tarifa>
                    <valor>0.00</valor>
                </totalImpuesto>
                <totalImpuesto>
                    <codigo>2</codigo>
                    <codigoPorcentaje>2</codigoPorcentaje>
                    <baseImponible>33.16</baseImponible>
                    <tarifa>12</tarifa>
                    <valor>3.98</valor>
                </totalImpuesto>
            </totalConImpuestos>
            <propina>0.00</propina>
            <importeTotal>42.2</importeTotal>
            <moneda>DOLAR</moneda>
            <pagos>
                <pago>
                    <formaPago>19</formaPago>
                    <total>42.2</total>
                    <plazo>0</plazo>
                    <unidadTiempo>MESES</unidadTiempo>
                </pago>
            </pagos>
        </infoFactura>
        <detalles>
            <detalle>
                <codigoPrincipal>267127</codigoPrincipal>
                <descripcion>TRIDERMTRIDERM CREMA T40 GR.</descripcion>
                <cantidad>1</cantidad>
                <precioUnitario>5.06</precioUnitario>
                <descuento>0</descuento>
                <precioTotalSinImpuesto>5.06</precioTotalSinImpuesto>
                <impuestos>
                    <impuesto>
                        <codigo>2</codigo>
                        <codigoPorcentaje>0</codigoPorcentaje>
                        <tarifa>0</tarifa>
                        <baseImponible>5.06</baseImponible>
                        <valor>0.00</valor>
                    </impuesto>
                </impuestos>
            </detalle>
            <detalle>
                <codigoPrincipal>28188</codigoPrincipal>
                <descripcion>PANITOS HUMEDOS HUGGIES.PANITOS HUMEDOS HUGGIES HUGGIES ACTIVE FRESH CTAPX 48</descripcion>
                <cantidad>1</cantidad>
                <precioUnitario>1.54</precioUnitario>
                <descuento>0</descuento>
                <precioTotalSinImpuesto>1.54</precioTotalSinImpuesto>
                <impuestos>
                    <impuesto>
                        <codigo>2</codigo>
                        <codigoPorcentaje>2</codigoPorcentaje>
                        <tarifa>12</tarifa>
                        <baseImponible>1.54</baseImponible>
                        <valor>0.18</valor>
                    </impuesto>
                </impuestos>
            </detalle>
            <detalle>
                <codigoPrincipal>243427</codigoPrincipal>
                <descripcion>PEDIASURE SUPLEMENTOPEDIASURE VAINILLA T900G</descripcion>
                <cantidad>1</cantidad>
                <precioUnitario>26.664</precioUnitario>
                <descuento>0</descuento>
                <precioTotalSinImpuesto>26.66</precioTotalSinImpuesto>
                <impuestos>
                    <impuesto>
                        <codigo>2</codigo>
                        <codigoPorcentaje>2</codigoPorcentaje>
                        <tarifa>12</tarifa>
                        <baseImponible>26.66</baseImponible>
                        <valor>3.20</valor>
                    </impuesto>
                </impuestos>
            </detalle>
            <detalle>
                <codigoPrincipal>294640</codigoPrincipal>
                <descripcion>CEPILLO SANASANA NINOSDENTAL SUPER SUAVE 2X1</descripcion>
                <cantidad>1</cantidad>
                <precioUnitario>2.5</precioUnitario>
                <descuento>0</descuento>
                <precioTotalSinImpuesto>2.5</precioTotalSinImpuesto>
                <impuestos>
                    <impuesto>
                        <codigo>2</codigo>
                        <codigoPorcentaje>2</codigoPorcentaje>
                        <tarifa>12</tarifa>
                        <baseImponible>2.50</baseImponible>
                        <valor>0.30</valor>
                    </impuesto>
                </impuestos>
            </detalle>
            <detalle>
                <codigoPrincipal>220905</codigoPrincipal>
                <descripcion>CEPILLOS COLGATE ADULTOSTRIPLE ACCION MEDIO</descripcion>
                <cantidad>1</cantidad>
                <precioUnitario>2.46</precioUnitario>
                <descuento>0</descuento>
                <precioTotalSinImpuesto>2.46</precioTotalSinImpuesto>
                <impuestos>
                    <impuesto>
                        <codigo>2</codigo>
                        <codigoPorcentaje>2</codigoPorcentaje>
                        <tarifa>12</tarifa>
                        <baseImponible>2.46</baseImponible>
                        <valor>0.30</valor>
                    </impuesto>
                </impuestos>
            </detalle>
            <detalle>
                <codigoPrincipal>100139031</codigoPrincipal>
                <descripcion>CUPON VIRTUAL CLIENTECUPN PROGRAMA CONTINUIDAD 2019</descripcion>
                <cantidad>5</cantidad>
                <precioUnitario>0</precioUnitario>
                <descuento>0</descuento>
                <precioTotalSinImpuesto>0</precioTotalSinImpuesto>
                <impuestos>
                    <impuesto>
                        <codigo>2</codigo>
                        <codigoPorcentaje>2</codigoPorcentaje>
                        <tarifa>12</tarifa>
                        <baseImponible>0.00</baseImponible>
                        <valor>0.00</valor>
                    </impuesto>
                </impuestos>
            </detalle>
            <detalle>
                <codigoPrincipal>100191236</codigoPrincipal>
                <descripcion>CUPON VIRTUAL CLIENTECUPN 3D SS JUN 2019</descripcion>
                <cantidad>1</cantidad>
                <precioUnitario>0</precioUnitario>
                <descuento>0</descuento>
                <precioTotalSinImpuesto>0</precioTotalSinImpuesto>
                <impuestos>
                    <impuesto>
                        <codigo>2</codigo>
                        <codigoPorcentaje>0</codigoPorcentaje>
                        <tarifa>0</tarifa>
                        <baseImponible>0.00</baseImponible>
                        <valor>0.00</valor>
                    </impuesto>
                </impuestos>
            </detalle>
        </detalles>
        <infoAdicional>
            <campoAdicional nombre="DIRECCION">SP SN SI</campoAdicional>
            <campoAdicional nombre="DESCUENTO">8.6</campoAdicional>
            <campoAdicional nombre="DOCUMENTO INTERNO">193772</campoAdicional>
            <campoAdicional nombre="EMAIL">el-contribuyente@hotmail.com</campoAdicional>
        </infoAdicional>
    </factura>
    <identificadorUsuario>0802469502</identificadorUsuario>
</ns2:facturaProcesarRequest>
