{
    "AGENCIA" : VALOR,
    "ARCHIVO" : VALOR,
    "CLAVE_ACCESO" : VALOR,
    "COD_DOC" : VALOR,
    "COD_PUNTO_EMISION" : VALOR,
    "COD_SECUENCIAL" : VALOR,
    "CONTRIBUYENTE_ESPECIAL" : VALOR,
    "CORREO_NOTIFICACION" : VALOR,
    "DIR_ESTABLECIMIENTO" : VALOR,
    "ESTADO" : VALOR,
    "FECHA_AUTORIZACION" : VALOR,
    "FECHA_EMISION_BASE" : VALOR,
    "IDENTIFICACION_COMPRADOR" : VALOR,
    "IDENTIFICADOR_USUARIO" : VALOR,
    "IMPORTE_TOTAL" : VALOR,
    "MONEDA" : VALOR,
    "NUMERO_AUTORIZACION" : VALOR,
    "OBLIGADO_CONTABILIDAD" : VALOR,
    "PROPINA" : VALOR,
    "PTO_EMISION" : VALOR,
    "RAZON_SOCIAL_COMPRADOR" : VALOR,
    "RUC" : VALOR,
    "SEC_NOTA_CREDITO" : VALOR,
    "TAREA" : VALOR,
    "TIPO_AMBIENTE" : VALOR,
    "TIPO_EMISION" : VALOR,
    "TIPO_ID_COMPRADOR" : VALOR,
    "TOTAL_DESCUENTO" : VALOR,
    "TOTAL_SIN_IMPUESTOS" : VALOR,
    "ORDEN_COMPRA" : VALOR,
    "BASE_CERO" : VALOR,
    "BASE_DOCE" : VALOR,
    "IVA" : VALOR,
    "BASE_ICE" : VALOR,
    "BASE_IRBP" : VALOR,
    "ICE" : VALOR,
    "IRBP" : VALOR,
    "NOMBRES" : VALOR,
    "APELLIDOS" : VALOR
}