<!--
  ~ Copyright 2009 Red Hat, Inc.
  ~  Red Hat licenses this file to you under the Apache License, version
  ~  2.0 (the "License"); you may not use this file except in compliance
  ~  with the License.  You may obtain a copy of the License at
  ~     http://www.apache.org/licenses/LICENSE-2.0
  ~  Unless required by applicable law or agreed to in writing, software
  ~  distributed under the License is distributed on an "AS IS" BASIS,
  ~  WITHOUT WARRANTIES OR CONDITIONS OF ANY KIND, either express or
  ~  implied.  See the License for the specific language governing
  ~  permissions and limitations under the License.
  -->

<configuration xmlns="urn:hornetq"
         xmlns:xsi="http://www.w3.org/2001/XMLSchema-instance"
         xsi:schemaLocation="urn:hornetq ../../../src/schema/hornetq-configuration.xsd">
   <!-- Connectors -->

    <clustered>true</clustered>

    <backup>true</backup>

   <!--we kill the server process so don't need this set to true-->
   <failover-on-shutdown>false</failover-on-shutdown>

    <shared-store>true</shared-store>
    
   <connectors>
      <connector name="netty-connector">
         <factory-class>org.hornetq.core.remoting.impl.netty.NettyConnectorFactory</factory-class>
         <param key="port" value="5447"/>
      </connector>
   </connectors>
   
   <!-- Acceptors -->
   <acceptors>
      <acceptor name="netty-acceptor">
         <factory-class>org.hornetq.core.remoting.impl.netty.NettyAcceptorFactory</factory-class>
         <param key="port" value="5447"/>
      </acceptor>
   </acceptors>

    <broadcast-groups>
		<broadcast-group name="bg-group1">
			<group-address>231.7.7.7</group-address>
			<group-port>9876</group-port>
			<broadcast-period>1000</broadcast-period>
         <connector-ref>netty-connector</connector-ref>
		</broadcast-group>
	</broadcast-groups>

	<discovery-groups>
		<discovery-group name="dg-group1">
			<group-address>231.7.7.7</group-address>
			<group-port>9876</group-port>
			<refresh-timeout>60000</refresh-timeout>
		</discovery-group>
	</discovery-groups>

	<cluster-connections>
		<cluster-connection name="my-cluster">
			<address>jms</address>
         <connector-ref>netty-connector</connector-ref>
			<discovery-group-ref discovery-group-name="dg-group1"/>
		</cluster-connection>
	</cluster-connections>

   <large-messages-directory>../server0/data/large-messages</large-messages-directory>
   <bindings-directory>../server0/data/bindings</bindings-directory>
   <journal-directory>../server0/data/journal</journal-directory>
   <paging-directory>../server0/data/paging</paging-directory> 
   <!-- Other config -->

   <security-settings>
      <!--security for example queue-->
      <security-setting match="jms.queue.exampleQueue">
         <permission type="createDurableQueue" roles="guest"/>
         <permission type="deleteDurableQueue" roles="guest"/>
         <permission type="createNonDurableQueue" roles="guest"/>
         <permission type="deleteNonDurableQueue" roles="guest"/>
         <permission type="consume" roles="guest"/>
         <permission type="send" roles="guest"/>
      </security-setting>
   </security-settings>
   
</configuration>
