{
    "CABECERA": {
        "codigo": "200",
        "mensaje": "Transaccion Exitosa",
        "farmacia": "17",
        "ordenSfcc": "10252"
    },
    "FA_FACTURAS": {
        "pickingUsuario": "XXXXXXX",
        "pickingFechaInicio": "DD/MM/YYYY",
        "pickingHoraInicio": "HH:MM",
        "pickingHoraFin": "HH:MM",
        "pickingCurrier": "XXXXXXX",
        "fecha": "5/17/21 16:23",
        "numeroSRI": "020-029-001068169",
        "costoTotalFactura": "13.68",
        "pvpTotalFactura": "23.72",
        "ventaTotalFactura": "23.24",
        "valorIva": "0.24",
        "usuario": "MSORTEGAC",
        "primerApellido": "APCNV",
        "segundoApellido": "ORELLANA",
        "primerNombre": "",
        "segundoNombre": "",
        "identificacion": "1102073010",
        "tipoIdentificacion": "C",
        "direccion": "AV. AMAZONAS & AVENIDA TOMÃ¡S DE BERLANGA",
        "cellphoneNumber":"0983614452"
    },
    "FA_DETALLES_FACTURA": [{
            "codigo": "1",
            "item": "100074328",
            "cantidad": "2",
            "pvp": "1.79",
            "precioFybeca": "1.72",
            "venta": "1.75",
            "unidades": "10",
            "porcentajeIva": "0"
        },
        {
            "codigo": "2",
            "item": "100074328",
            "cantidad": "10",
            "pvp": "1.79",
            "precioFybeca": "1.72",
            "venta": "1.75",
            "unidades": "10",
            "porcentajeIva": "12"
        }
    ],
    "FA_DETALLES_FORMAS_PAGO": [{
            "codigo": 1,
            "formaPago": "E",
            "pvpFactura": "3.00",
            "ventaFactura": "23.72"
        },
        {
            "codigo": 2,
            "formaPago": "T",
            "pvpFactura": "20.72",
            "ventaFactura": "23.72"
        }],
   "facturacionGPF":{
      "AGENCIA":"VALOR",
      "ARCHIVO":"VALOR",
      "CLAVE_ACCESO":"VALOR",
      "COD_DOC":"VALOR",
      "COD_PUNTO_EMISION":"VALOR",
      "COD_SECUENCIAL":"VALOR",
      "CONTRIBUYENTE_ESPECIAL":"VALOR",
      "CORREO_NOTIFICACION":"VALOR",
      "DIR_ESTABLECIMIENTO":"VALOR",
      "ESTADO":"VALOR",
      "FECHA_AUTORIZACION":"VALOR",
      "FECHA_EMISION_BASE":"VALOR",
      "IDENTIFICACION_COMPRADOR":"VALOR",
      "IDENTIFICADOR_USUARIO":"VALOR",
      "IMPORTE_TOTAL":"VALOR",
      "MONEDA":"VALOR",
      "NUMERO_AUTORIZACION":"VALOR",
      "OBLIGADO_CONTABILIDAD":"VALOR",
      "PROPINA":"VALOR",
      "PTO_EMISION":"VALOR",
      "RAZON_SOCIAL_COMPRADOR":"VALOR",
      "RUC":"VALOR",
      "SEC_NOTA_CREDITO":"VALOR",
      "TAREA":"VALOR",
      "TIPO_AMBIENTE":"VALOR",
      "TIPO_EMISION":"VALOR",
      "TIPO_ID_COMPRADOR":"VALOR",
      "TOTAL_DESCUENTO":"VALOR",
      "TOTAL_SIN_IMPUESTOS":"VALOR",
      "ORDEN_COMPRA":"VALOR",
      "BASE_CERO":"VALOR",
      "BASE_DOCE":"VALOR",
      "IVA":"VALOR",
      "BASE_ICE":"VALOR",
      "BASE_IRBP":"VALOR",
      "ICE":"VALOR",
      "IRBP":"VALOR",
      "RUTA_XML":"XXXXXXX"
   }
}